1,Jennie Skin,Chennai
2,Deloris Lockart,Mysore
3,Sonnnie Stiant,Chennai
4,Letty Buttwell,Chennai
5,Lexie Bayldon,Chennai
6,Bonny Gobell,Delhi
7,Elspeth Wesley,Pune
8,Isidore Bendall,Mysore
9,Hortense Foxton,Mysore
10,Shep Gasgarth,Mumbai
11,Cookie Kingstne,Mumbai
12,Lorin Eliez,Pune
13,Bevin Surr,Bangalore
14,Brigham Ludron,Mumbai
15,Randa Cuppleditch,Chennai
16,Abigale Bande,Bangalore
17,Warde Sundin,Pune
18,Pascal Chadderton,Chennai
19,Etan Lokier,Delhi
20,Morgan Gage,Bangalore
21,Mallory Maytum,Chennai
22,Zedekiah Coggan,Chennai
23,Sandy Tidball,Chennai
24,Marysa MacCaffrey,Pune
25,Celeste Sausman,Bangalore
26,Robbie Bagby,Chennai
27,Salli Wimmers,Pune
28,Roanna Dedon,Bangalore
29,Teodoro Hatchell,Mumbai
30,Tarra MacCome,Mumbai
31,Adrienne Possa,Chennai
32,Janos Hendrickx,Bangalore
33,Gisele Bromby,Bangalore
34,Mel McAdam,Mumbai
35,Calypso Terrey,Pune
36,Odelia Conford,Mumbai
37,Trstram McQuirk,Mysore
38,Kiel Date,Chennai
39,Issi Quixley,Mysore
40,Winne Rouke,Chennai
41,Jonell Gainsbury,Bangalore
42,Rhianon Gilphillan,Pune
43,Darbee Brilon,Bangalore
44,Tish McDugal,Bangalore
45,Monika Le Gallo,Pune
46,Malchy Jaegar,Delhi
47,Delaney Noriega,Pune
48,Bobina Augustine,Chennai
49,Sammy MacGill,Bangalore
50,Ami Grist,Chennai
51,Hamish Elstob,Bangalore
52,Gasparo Imlen,Mumbai
53,Jada Hawkett,Mysore
54,Tabbie Thoresby,Pune
55,Domeniga Lurcock,Mumbai
56,Mord St. Louis,Mumbai
57,Benjamin Ducrow,Mysore
58,Ninetta Blewmen,Bangalore
59,Isabelle Scarf,Delhi
60,Lorain Angrock,Mumbai
61,Nicolas Von Welldun,Delhi
62,Leonore Dawby,Delhi
63,Darlene Burde,Chennai
64,Eloise Peotz,Chennai
65,Saree Germann,Chennai
66,Merola Bever,Mysore
67,Pammi Klimecki,Bangalore
68,Donaugh Gibling,Delhi
69,Dari Francklin,Chennai
70,Tully Poulglais,Bangalore
71,Rosmunda McGray,Chennai
72,Christi Housam,Pune
73,Catlin Misken,Pune
74,Base Templeton,Bangalore
75,Tina Tumulty,Delhi
76,Anastassia Sarath,Delhi
77,Raymond Mellsop,Mumbai
78,Olvan Johansson,Bangalore
79,Gregorio Poston,Bangalore
80,Tracie Sneath,Mysore
81,Arnold Keizman,Chennai
82,Roxi Raffan,Delhi
83,Hazlett Hildred,Pune
84,Denni Philippart,Delhi
85,Andie Selwin,Delhi
86,Marylynne Leigh,Pune
87,Lamont Salvin,Pune
88,Sanford Poytheras,Delhi
89,Belia Fishpond,Delhi
90,Nickola Cornew,Bangalore
91,Rebekkah Alvar,Mumbai
92,Diandra MacLennan,Mumbai
93,Appolonia Dymond,Pune
94,Tobit Pinnere,Chennai
95,Eada Teasdale,Mumbai
96,Hugo Guilliland,Mumbai
97,Launce Arrandale,Mumbai
98,Xymenes Harrinson,Mumbai
99,Krystalle Klejna,Delhi
100,Faye Lassen,Bangalore
101,Marjy Wenderoth,Mumbai
102,Ivory Balwin,Chennai
103,Ignazio Klaffs,Delhi
104,Gabey Norsworthy,Mysore
105,Vinnie Dimbleby,Mysore
106,Cchaddie Mantripp,Mysore
107,Lothario Burtonwood,Chennai
108,Muffin Corkell,Pune
109,Maud Ewington,Mumbai
110,Sondra Jaegar,Delhi
111,Drucy Lockier,Mumbai
112,Miquela von Nassau,Delhi
113,Kerrill Phifer,Pune
114,Tory Dran,Bangalore
115,Paige Wrought,Pune
116,Alejandra Lehon,Chennai
117,Antony Churchley,Bangalore
118,Jania Blencoe,Mysore
119,Martelle Oldland,Delhi
120,Lazaro Lilburne,Bangalore
121,Flem Jaime,Bangalore
122,Gwyneth Cockshot,Bangalore
123,Neddy Henrion,Mumbai
124,Roobbie Henriques,Bangalore
125,Vi Grund,Bangalore
126,Lena Antuoni,Delhi
127,Kennedy Bosson,Pune
128,Stinky Wauchope,Bangalore
129,Janis Brunskill,Bangalore
130,Ellette Jeacock,Chennai
131,Kit Spinke,Delhi
132,Belle Penas,Mumbai
133,Karen Hurtado,Pune
134,Pippa Gye,Bangalore
135,Jemimah Pagen,Delhi
136,Gregoire Tether,Mumbai
137,Base Desorts,Mumbai
138,Gail Woodroof,Bangalore
139,Ossie Grishechkin,Pune
140,Kalvin Dunford,Chennai
141,Frederich Bannerman,Chennai
142,Bondy Sharper,Delhi
143,Meir Glazer,Mysore
144,Martelle Rolfi,Pune
145,Marcellina Hornbuckle,Pune
146,Jordana Fleg,Bangalore
147,Ernesto Thews,Chennai
148,Danette Tummond,Bangalore
149,Annora Cabrales,Chennai
150,Kelcie Cattle,Mumbai
151,Alyss Akam,Chennai
152,Berty Maggiori,Chennai
153,Yevette Crawford,Bangalore
154,Janel Padula,Pune
155,Benedikt Mahody,Pune
156,Charmaine Stanislaw,Pune
157,Dalton Lavalde,Mysore
158,Yancey Froome,Pune
159,Georgianne Farrand,Mysore
160,Carmelita Dewsnap,Chennai
161,Finlay Pettwood,Chennai
162,Lazarus Endley,Chennai
163,Tobe Coppard,Bangalore
164,Phineas Taw,Delhi
165,Hermione Schapiro,Bangalore
166,Helli Corsor,Chennai
167,Roseanna Handley,Mysore
168,Wendel Dalgardno,Bangalore
169,Saunders Biddlestone,Bangalore
170,Genovera Furminger,Bangalore
171,Megen Tothacot,Pune
172,Skippie Mattholie,Chennai
173,Derby Delagnes,Mysore
174,Xylia Fidgin,Mysore
175,Linell Volkes,Mumbai
176,Sarena McCudden,Delhi
177,Adiana Crehan,Delhi
178,Grayce Cayley,Bangalore
179,Fabio Napolitano,Chennai
180,Leyla Poles,Chennai
181,Jonie Wisson,Chennai
182,Margareta Creevy,Bangalore
183,Bonnie Treharne,Mysore
184,Matthiew Fibben,Chennai
185,Leola Conville,Bangalore
186,Effie Abrashkov,Mumbai
187,Heida Digwood,Chennai
188,Opaline FitzGilbert,Chennai
189,Gael Pritchett,Delhi
190,Gertrude Shearsby,Bangalore
191,Nevil O'Halleghane,Chennai
192,Thor Maltster,Delhi
193,Thatch Grummitt,Mumbai
194,Darrin Satteford,Bangalore
195,Ariel Budding,Mysore
196,Darla Celler,Chennai
197,Ignacius Dew,Chennai
198,Vivien Christoforou,Bangalore
199,Ike Dorney,Mumbai
200,Misti Jancey,Pune
201,Garwin Vise,Mumbai
202,Andie Cornbill,Pune
203,Cristabel Loffel,Delhi
204,Vasilis Stobart,Chennai
205,Christie Gilroy,Pune
206,Lelia Bussel,Bangalore
207,Vivi Mardling,Mysore
208,Anatollo Blazejewski,Bangalore
209,Bianca Tomasello,Bangalore
210,Torrin Cansdill,Pune
211,Reg Antrim,Chennai
212,Meier Crosier,Bangalore
213,Marni Kienle,Delhi
214,Reuben Pigot,Mysore
215,Annadiana Menpes,Delhi
216,Melania Manna,Mumbai
217,Prue Behnecke,Chennai
218,Dunc Maunsell,Pune
219,Jamie Rudloff,Pune
220,Perle Tournie,Chennai
221,Melva Duff,Mumbai
222,Saleem Benoix,Mumbai
223,Rosa Schimann,Chennai
224,Geri Witherow,Pune
225,Christina Riddles,Mysore
226,Jacinda Cereceres,Mumbai
227,Falito Ferschke,Pune
228,Riordan Kolczynski,Mysore
229,Brett Gobeaux,Pune
230,Omar Jessopp,Pune
231,Meredithe Maywood,Delhi
232,Bail Oglevie,Chennai
233,Minne Attenbrow,Mumbai
234,Rudy Greatex,Mysore
235,Bride Kincade,Delhi
236,Alwin Domange,Mumbai
237,Amata Finby,Pune
238,Robin Gale,Mysore
239,Jessey Tadd,Pune
240,Brina MacShirrie,Chennai
241,Enid Paulon,Chennai
242,Hamel Norway,Mysore
243,Gwenora Weadick,Pune
244,Sandra de Leon,Pune
245,Rhett Moyers,Mysore
246,Gwyn Kadwallider,Mumbai
247,Brett Petrello,Pune
248,Stanislas Hindenburg,Chennai
249,Denys Westhead,Mysore
250,Michel Meece,Bangalore
251,Rocky Rioch,Bangalore
252,Juan Gheorghie,Mumbai
253,Analiese Wilcot,Bangalore
254,Ellynn Mallion,Bangalore
255,Dalli Grimstead,Mumbai
256,Andrus Edards,Pune
257,Clarinda Schooling,Pune
258,Bradan Alabone,Mysore
259,Ruprecht Jarmain,Bangalore
260,Jerrylee Paulot,Mysore
261,Hermine Scorrer,Bangalore
262,Florry Berisford,Pune
263,Elane Muddiman,Delhi
264,Rutherford Bartot,Bangalore
265,Morgan Ekless,Mumbai
266,Frank Ibbetson,Bangalore
267,Timothea Spafford,Pune
268,Alberik Ferier,Mysore
269,Berk Brient,Chennai
270,Hubert Bacop,Delhi
271,Candie Conniam,Chennai
272,Wenona Whitwham,Chennai
273,Rebecka Babbe,Chennai
274,Chrissy Roth,Bangalore
275,Corenda Ladds,Bangalore
276,Janna Codd,Pune
277,Trudie Cholerton,Pune
278,Mirabel Philippou,Chennai
279,Ezequiel Issacov,Chennai
280,Amalea Doerffer,Mumbai
281,Zea Divisek,Pune
282,Launce Kemery,Mysore
283,Melli Tiddy,Mysore
284,Gwyneth Dincke,Bangalore
285,Kore Cahen,Chennai
286,Fons Addicott,Chennai
287,Francyne Sallans,Mysore
288,Ericha Piper,Delhi
289,Hildegarde Cafferky,Chennai
290,Peter Dudding,Delhi
291,Devinne Johanssen,Pune
292,Olive Ketts,Delhi
293,Ber Shevell,Delhi
294,Meggie Ealden,Bangalore
295,Diannne McCallum,Pune
296,Westbrook Blakeway,Delhi
297,Sonia Fissenden,Chennai
298,Cad Rowling,Chennai
299,Mordecai Mawdsley,Delhi
300,Che Widdocks,Chennai
301,Hardy Teather,Pune
302,Giselle Elles,Mysore
303,Susann Matchitt,Mumbai
304,Cull Menghi,Bangalore
305,Fidela Lindemann,Pune
306,Kevina Piesing,Pune
307,Alvy Celes,Bangalore
308,Theo Hassur,Mysore
309,Isahella Monte,Delhi
310,Catharine Marquiss,Mumbai
311,Waldemar Boughtwood,Mumbai
312,Bibby Gormally,Mumbai
313,Godard Clitheroe,Bangalore
314,De Hallgarth,Bangalore
315,Odetta Goodnow,Mumbai
316,Hagen Vasyukov,Bangalore
317,Abbot Brokenbrow,Pune
318,Gratiana Anscombe,Delhi
319,Roselia Bastock,Chennai
320,Braden Boutwell,Delhi
321,Nedi Carnegy,Mysore
322,Gale Melendez,Pune
323,Gilly Pietersma,Delhi
324,Bonnibelle Dimitrov,Mysore
325,Kendal Phipps,Mumbai
326,Nicolas Mattityahou,Mumbai
327,Nickola Casaccio,Chennai
328,Ryan Arton,Chennai
329,Harcourt Rubertis,Chennai
330,Pavel Longega,Chennai
331,Clayson Gonning,Pune
332,Emlyn Breen,Chennai
333,Monty Coneley,Chennai
334,Benedikt Dignall,Mysore
335,Codie Pennoni,Pune
336,Belle Charrier,Chennai
337,Zelig Lound,Mumbai
338,Emmet Larmett,Delhi
339,Melody Van Cassel,Chennai
340,Lewie Harring,Pune
341,Corty Pearcehouse,Pune
342,Sayre Dulinty,Mumbai
343,Inglis Hanratty,Chennai
344,Corabella Cathcart,Mumbai
345,Flynn Casarino,Pune
346,Maisey Wellesley,Delhi
347,Marita Granham,Mumbai
348,Antoine Fawdrey,Delhi
349,Carce Velde,Chennai
350,Davin Sacker,Chennai
351,Vinny Irvin,Pune
352,Ricard Royston,Mumbai
353,Hilary Pennycook,Pune
354,Scarlet Temperley,Delhi
355,Osbourn Quartly,Mumbai
356,Editha McDoual,Mumbai
357,Claire Buston,Chennai
358,Ariel Effnert,Pune
359,Lenora Yeend,Pune
360,Allissa Moger,Bangalore
361,Mimi Sarjent,Delhi
362,Talia Satteford,Mumbai
363,Anselm Sagrott,Pune
364,Waylin Plunket,Chennai
365,Annaliese Greenstead,Mumbai
366,Joseito Acey,Delhi
367,Omar Fauning,Mysore
368,Dayna Wallman,Mysore
369,Gaelan Silberschatz,Bangalore
370,Jodi Scragg,Mumbai
371,Kimmi Keeble,Delhi
372,Ceciley Magner,Bangalore
373,Celestyn Szanto,Delhi
374,Siward Deschelle,Bangalore
375,Lyman Dallas,Mysore
376,Archibald Drover,Mumbai
377,Lionello Castan,Pune
378,Adoree Brimicombe,Pune
379,Noelyn Baudain,Mumbai
380,Jehu Danelut,Pune
381,Ivor Roof,Chennai
382,Esther Raveau,Pune
383,Stacee Coleiro,Mumbai
384,Hugh Tripe,Pune
385,Ennis Donett,Mumbai
386,Dasi Keeling,Mysore
387,Jamaal Gimlet,Mysore
388,Archibold D'eathe,Delhi
389,Floyd Eyles,Mysore
390,Ellyn Taveriner,Delhi
391,Noelyn Madsen,Delhi
392,Abner Doniso,Pune
393,Hurleigh McKelvey,Mumbai
394,Shanie Wayman,Pune
395,Barbee Barrow,Mysore
396,Liuka Polak,Mumbai
397,Gratiana Gres,Delhi
398,Laverne Pond,Mumbai
399,Brigida Asmus,Mumbai
400,Sonny Gehringer,Pune
401,Suzi Jakuszewski,Bangalore
402,Rubie Clewlow,Chennai
403,Waylen Casine,Pune
404,Rycca Bound,Bangalore
405,Berte Attenbrow,Mumbai
406,Keary Filipic,Mysore
407,Ashla Evershed,Mumbai
408,Tamarah Ambresin,Mysore
409,Waylon Hurren,Bangalore
410,Robyn Wallman,Mysore
411,Marion Lackney,Mumbai
412,Raoul Pawels,Bangalore
413,Cordy Crawley,Chennai
414,Franciska Bovingdon,Chennai
415,Tyrone Regardsoe,Mumbai
416,Albie Picton,Bangalore
417,Jeannine Standidge,Bangalore
418,Pru Solley,Pune
419,Tremaine Stenyng,Pune
420,Lennie Altham,Chennai
421,Ambros Greetham,Delhi
422,Clarey MacFall,Bangalore
423,Jerrilyn Goldfinch,Mumbai
424,Latisha Burdas,Bangalore
425,Saree Lerwill,Delhi
426,Blisse Harbron,Pune
427,Kennedy Filipponi,Chennai
428,Saundra MacAlpin,Mumbai
429,Konstanze Riach,Mysore
430,Ulrich Knappett,Chennai
431,Siffre Cresswell,Delhi
432,Haskel Blakebrough,Pune
433,Joya Cordy,Pune
434,Thane Josephs,Mysore
435,Anna-maria Gipps,Mysore
436,Pincas Sandys,Delhi
437,Urbain Stable,Pune
438,Winn McArd,Pune
439,Hannie Wenman,Pune
440,Cherilynn Sloegrave,Delhi
441,Perceval Pagen,Pune
442,Raphael Lamport,Bangalore
443,Rouvin Gillison,Pune
444,Joeann Wyburn,Pune
445,Sky Fruchon,Chennai
446,Ferris Browncey,Mumbai
447,Saba Glenfield,Delhi
448,Sherline Shemwell,Chennai
449,Giacobo Ovitz,Chennai
450,Alene Cometson,Chennai
451,Bartlet Le Galle,Pune
452,Claudina De Rye Barrett,Pune
453,Lettie Dudgeon,Pune
454,Nola Antoni,Mumbai
455,Renaldo Tripony,Pune
456,Sibeal Godlip,Bangalore
457,Jobyna Lundy,Chennai
458,Babbie Greir,Bangalore
459,Wilbur Yearby,Bangalore
460,Wally Borrell,Mumbai
461,Lisette Whapples,Pune
462,Adelice Markson,Delhi
463,Lyn Strephan,Delhi
464,Beckie Obert,Bangalore
465,Tamqrah Faulconbridge,Pune
466,Hall Seaman,Pune
467,Felicia McBryde,Mysore
468,Agosto Fudger,Delhi
469,Jonathon Werndly,Chennai
470,Pen Hennemann,Pune
471,Riccardo Raymen,Chennai
472,Shantee Shenton,Mysore
473,Elmira Menendes,Mysore
474,Aubrey Haysom,Mysore
475,Marion Kenwin,Mumbai
476,Elora Heatlie,Pune
477,Clare Collinwood,Bangalore
478,Gratiana Chetwin,Mysore
479,Junie Lindenboim,Bangalore
480,Cletus Whitbread,Chennai
481,Araldo Wynes,Mumbai
482,Brantley Schellig,Mysore
483,Rani Myrick,Delhi
484,Karoly Geddis,Bangalore
485,Ilsa Cherrett,Delhi
486,Sarge Macquire,Mysore
487,Ayn Parrington,Delhi
488,Burr Edward,Chennai
489,Bambie Urwen,Bangalore
490,Donnamarie Dunster,Mumbai
491,Clifford Pund,Bangalore
492,Zelig Vickerstaff,Pune
493,Abagail Lampel,Pune
494,Zenia Flowitt,Chennai
495,Morten Lamport,Bangalore
496,Putnem Tothacot,Mumbai
497,Shel Eouzan,Mysore
498,Angelia Marusyak,Chennai
499,Lawrence Haseman,Mumbai
500,Latrena Dittson,Delhi
501,Jacobo Sayce,Pune
502,Terri Skamell,Delhi
503,Ursulina Chamberlain,Mysore
504,Leese Gaffney,Bangalore
505,Halimeda Matheson,Bangalore
506,Gabbie Addionisio,Delhi
507,Weber Bissill,Chennai
508,Lindy Avann,Chennai
509,Zebedee Juliano,Delhi
510,Bernadine Basilio,Mumbai
511,Ranique Eastwell,Mysore
512,Angie Alpine,Mumbai
513,Pauly Heyball,Mysore
514,Rolfe Skipworth,Bangalore
515,Laurel Reason,Mumbai
516,Rochell Capper,Delhi
517,Feodora Ortler,Delhi
518,Emerson Crossan,Bangalore
519,Yardley Lorentz,Delhi
520,Kessiah O'Fergus,Bangalore
521,Janeta Mishaw,Pune
522,Silvan Dring,Bangalore
523,Danika Spaunton,Delhi
524,Dixie Cockton,Chennai
525,Baudoin Klimas,Bangalore
526,Germain Harrower,Mysore
527,Ronnica MacKeeg,Delhi
528,Dona Rimer,Delhi
529,Marylinda Garnett,Delhi
530,Jeniece Rozec,Delhi
531,Noreen Knapper,Delhi
532,Elianora McCaughey,Pune
533,Maris Adderson,Chennai
534,Catherin Kenewell,Pune
535,Archy O'Calleran,Delhi
536,Lena Farrent,Mumbai
537,Hazel Etherington,Mumbai
538,Ivett Vize,Bangalore
539,Marnie McPhaden,Chennai
540,Michaella Eslie,Bangalore
541,Prudy Romand,Chennai
542,Marlowe Caghan,Pune
543,Charmain Winspeare,Bangalore
544,Penelopa Oxlee,Mumbai
545,Emmanuel Mollin,Bangalore
546,Boothe Flight,Delhi
547,Eugenius Snazel,Delhi
548,Bronny Sommerled,Bangalore
549,Julianna Punyer,Pune
550,Harmon Wylder,Chennai
551,Sam Stubs,Mysore
552,Sascha Pinder,Chennai
553,Fidole Alexsandrovich,Chennai
554,Cliff Bazire,Delhi
555,Borg Graben,Bangalore
556,Braden Ivannikov,Bangalore
557,Charmine Glaysher,Chennai
558,Francene Freeberne,Bangalore
559,Alaine Philippard,Pune
560,Shandeigh Callaby,Chennai
561,Morena Swinnard,Chennai
562,Karlie Katt,Pune
563,Dulci Stocking,Delhi
564,Shena Body,Pune
565,Chauncey Kearton,Bangalore
566,Myles Howson,Chennai
567,Roshelle Pecht,Mumbai
568,Randall Tombleson,Mysore
569,Alys Killwick,Delhi
570,Verine Giorgio,Bangalore
571,Jimmie Rabbatts,Bangalore
572,Sydney Gerraty,Bangalore
573,Stormy Gallemore,Mysore
574,Tish Crees,Chennai
575,Pam Marham,Pune
576,Cecilia Delyth,Chennai
577,Guinevere Rozenzweig,Pune
578,Jenna Doggerell,Chennai
579,Dusty Gregore,Mumbai
580,Cordelie Jantzen,Delhi
581,Claudine Fenix,Delhi
582,Erroll Mackley,Delhi
583,Donnamarie Figiovanni,Mysore
584,Row Dryburgh,Bangalore
585,Janenna Landells,Mysore
586,Annabel Gatling,Mumbai
587,Clarke Blade,Mysore
588,Randi Jahncke,Mumbai
589,Donaugh Whetland,Mumbai
590,Amargo Gammie,Pune
591,Arv Kerans,Mysore
592,Blaine Leinster,Mysore
593,Catherine Goodhall,Bangalore
594,Raye Benny,Mumbai
595,Portie Faustin,Mumbai
596,Filmore Parton,Delhi
597,Marcelle Havoc,Mysore
598,Avram Morit,Bangalore
599,Aleen Haukey,Delhi
600,Page Crepel,Mysore
601,Ally Nannini,Bangalore
602,Neville Malatalant,Chennai
603,Tabbitha Iiannone,Mumbai
604,Lazaro Pickett,Chennai
605,Teodoro Gilfillan,Bangalore
606,Francisca Borrill,Mumbai
607,Richy Liebmann,Mysore
608,L;urette Cosgrove,Pune
609,Car Spearing,Mysore
610,Robers Forseith,Mysore
611,Ruben Prati,Pune
612,Julee Ledrun,Pune
613,Orly Greenleaf,Chennai
614,Christen Grassi,Pune
615,Georgi Goley,Bangalore
616,Keelia Attewell,Chennai
617,Spense Eyer,Mysore
618,Laura Menendez,Bangalore
619,Viviana Stuck,Bangalore
620,Dorris Ivett,Mumbai
621,Neall Rolinson,Chennai
622,Tibold Glanders,Delhi
623,Roxy Gresswell,Chennai
624,Davine Falconer,Pune
625,Karin Andreasson,Delhi
626,Turner Moncarr,Bangalore
627,Montgomery Margrem,Pune
628,Odelia Moodey,Chennai
629,Andonis Grantham,Chennai
630,Phelia Day,Mumbai
631,Marianne Beadell,Delhi
632,Minny Chidler,Pune
633,Mace Heyworth,Bangalore
634,Janessa Iddison,Bangalore
635,Layney Rowlings,Pune
636,Serge Dawdry,Mysore
637,Isahella Perone,Chennai
638,Tobiah A'Barrow,Bangalore
639,Derwin Kas,Mumbai
640,Demott Couche,Mumbai
641,Kylynn Rottgers,Bangalore
642,Octavia Cursons,Chennai
643,Vito Ida,Pune
644,Pip Moine,Delhi
645,Forest Elnor,Chennai
646,Reeba Wank,Mumbai
647,Auria Lanceley,Chennai
648,Frederica Eveque,Mysore
649,Bambi Talton,Delhi
650,Maureen Gullane,Delhi
651,Lowrance MacDonald,Mysore
652,Vallie Franklyn,Delhi
653,Sholom Mulligan,Delhi
654,Klaus Allan,Mumbai
655,Sharl Bigland,Delhi
656,Jerrilyn Fitzsymons,Bangalore
657,Tandy Prudham,Mumbai
658,Cairistiona Gladebeck,Bangalore
659,Chrystel Fattorini,Mysore
660,Sharon Hartgill,Chennai
661,Rodolphe Greader,Bangalore
662,Jennine Courson,Bangalore
663,Berky Clines,Mumbai
664,Uriel Burvill,Chennai
665,Drucy MacPaik,Mumbai
666,Eleni Coultish,Mumbai
667,Delmer Hordell,Mysore
668,Megan Spykins,Pune
669,Sibbie Glitherow,Delhi
670,Myrtle Saffon,Bangalore
671,Chelsy Scandrite,Pune
672,Jarrad Chadney,Mumbai
673,Mitchel Sibbering,Bangalore
674,Adeline Lowsely,Chennai
675,Terese Coutthart,Delhi
676,Catarina Patterson,Pune
677,Caritta Cheshir,Mumbai
678,Morten Thaller,Mumbai
679,Charley Cabble,Bangalore
680,Denna Reijmers,Delhi
681,Carlotta Agates,Bangalore
682,Todd Cockson,Bangalore
683,Daniella Saberton,Chennai
684,Buiron Corsham,Bangalore
685,Ronald Asbury,Bangalore
686,Galven Snarie,Bangalore
687,Nico Falcus,Mysore
688,Jacob Cruft,Mysore
689,Lauren Brafield,Chennai
690,Fancie Harby,Pune
691,Kristien Murdy,Mysore
692,Oswald Duell,Mysore
693,Merralee Hawse,Pune
694,Fredrick Blance,Mumbai
695,Grenville Mea,Delhi
696,Herold Goodlet,Bangalore
697,Herrick Tytcomb,Delhi
698,Lari McPherson,Bangalore
699,Julee Zahor,Delhi
700,Zach Withams,Delhi
701,Angelo Freen,Delhi
702,Arlen Dilliston,Mysore
703,Wylie Mityushkin,Chennai
704,Svend Racine,Mysore
705,Dulcinea Letts,Pune
706,Junia Lomaz,Bangalore
707,Martguerita Fynes,Pune
708,Eugenio Quillinane,Chennai
709,Debra Balfe,Pune
710,Georgeanne Minster,Bangalore
711,Truda Blabber,Chennai
712,Colline Wyse,Bangalore
713,Paige Featherstonehaugh,Mumbai
714,Ketty Brymham,Delhi
715,Patience Feehily,Bangalore
716,Stephenie Engelmann,Pune
717,Lamar Dulany,Chennai
718,Dominick Whitton,Chennai
719,Philomena Curragh,Delhi
720,Phillipp Aspital,Bangalore
721,Becky McElmurray,Mysore
722,Marcia Kimmings,Chennai
723,Leonie Boundey,Pune
724,Farrah Tatters,Pune
725,Ricca Tizzard,Pune
726,Sauncho Pitcock,Bangalore
727,Piotr Koppens,Pune
728,Kendra Bottle,Mysore
729,Vite Pochet,Pune
730,Lammond Meneghi,Mysore
731,Gavan De Lacey,Mysore
732,Amalie Male,Bangalore
733,Natalee Ealam,Mysore
734,Gillan Mahedy,Mysore
735,Rozanne Whilde,Mysore
736,Adoree Hateley,Pune
737,Francine Kingsford,Mumbai
738,Marcy Mincini,Mysore
739,Jecho Bruggen,Mumbai
740,Obed Halpen,Chennai
741,Iggy McIsaac,Bangalore
742,Beverlie Jura,Pune
743,Bevvy Bunclark,Bangalore
744,Dre Klimentov,Pune
745,Nissa Fader,Pune
746,Winny Djokic,Pune
747,Corette Shovlin,Pune
748,Moishe Boyan,Mumbai
749,Kikelia Virr,Pune
750,Emery Nurden,Delhi
751,Silvano Edmonds,Mumbai
752,Jolee Laverenz,Mysore
753,Michel Giriardelli,Bangalore
754,Donnajean Cashley,Mumbai
755,Adelice Luca,Chennai
756,Valerye Peet,Mumbai
757,Shandra Schober,Delhi
758,Crissie Deavin,Delhi
759,Hashim Kalf,Pune
760,Tuesday Duckering,Delhi
761,Winnifred Riseborough,Mumbai
762,Heywood Haberjam,Delhi
763,Beverley Simco,Chennai
764,Florian Risdall,Delhi
765,Adara Kingsnorth,Bangalore
766,Kaye Saffe,Bangalore
767,Darice Archbutt,Bangalore
768,Belvia O'Fergus,Bangalore
769,Alwin Stoeckle,Chennai
770,Boniface Collie,Chennai
771,Heriberto Simkin,Mysore
772,Myron Kleinsmuntz,Delhi
773,Barney Kunert,Pune
774,Cassius Evitts,Mysore
775,Lucian Fearnside,Bangalore
776,Boote Arrol,Bangalore
777,Sharona Ealden,Chennai
778,Aggie Jardine,Chennai
779,Elsie Schechter,Chennai
780,Falkner Trehearne,Bangalore
781,Goddart Howsan,Pune
782,Margy Arnopp,Pune
783,Perri Allston,Pune
784,Arturo Mundee,Bangalore
785,Beale Kestin,Bangalore
786,Bay Bolus,Chennai
787,Whittaker Matic,Mumbai
788,Perkin Remer,Bangalore
789,Dominic Pettersen,Pune
790,Dante Goodwill,Bangalore
791,Milena Megson,Mumbai
792,Osborn Feechan,Delhi
793,Nealson Kellie,Mysore
794,Koo Parker,Bangalore
795,Remus Nisuis,Mumbai
796,Dorothy Fechnie,Chennai
797,Menard Morit,Delhi
798,Sven Clemmensen,Bangalore
799,Biddy Bernth,Chennai
800,Cornela Morritt,Chennai
801,Ailsun Pitblado,Mumbai
802,Con Shuker,Pune
803,Giulio Brimilcombe,Chennai
804,Benedicto Mitkov,Mysore
805,Joel Hawkes,Mumbai
806,Guinna Dyter,Pune
807,Robb Copner,Mysore
808,Coop Lardeur,Mumbai
809,Ryley McDonnell,Mysore
810,Hatti Huttley,Mysore
811,Wendall Battelle,Mumbai
812,Serena Bointon,Mysore
813,Lorilyn Gartery,Delhi
814,Clair Roundtree,Mumbai
815,Kaila Hortop,Chennai
816,Jammie Baddoe,Chennai
817,Lydie Lailey,Mumbai
818,Audy Vanichkin,Chennai
819,Virgina Gentsch,Delhi
820,Martino Mosey,Mysore
821,Hoebart Winterbotham,Mysore
822,Jenda Cicconetti,Pune
823,Free Ambridge,Mumbai
824,Marty Beniesh,Pune
825,Murray De Vile,Pune
826,Francisca De Dei,Pune
827,Hally Gabb,Mumbai
828,Felicity O'Sheils,Bangalore
829,Ettie Kenan,Chennai
830,Carry Rizzotto,Pune
831,Willetta Levene,Mysore
832,Grantham Juppe,Delhi
833,Rory Scurrey,Chennai
834,Daren Gallaher,Mumbai
835,Nataline Yanez,Mumbai
836,Armando Jessup,Bangalore
837,Dacy Wilby,Chennai
838,Lorilee Croll,Bangalore
839,Adolf Sizey,Delhi
840,Moses Barkhouse,Chennai
841,Hanni Scarre,Mysore
842,Raychel Campbell,Mumbai
843,Bernice Gofford,Mumbai
844,Berke Kubek,Mysore
845,Rufe Upjohn,Pune
846,Michelle Lanyon,Chennai
847,Joy Shafto,Mysore
848,Fionna Lyon,Mumbai
849,Jeanna Veltmann,Mumbai
850,Estella Tolland,Chennai
851,Raquela Bispo,Mumbai
852,Fraze Haswell,Delhi
853,Andrus Selesnick,Mumbai
854,Lissie Isack,Chennai
855,Vicki Ord,Delhi
856,Carlin Houseago,Bangalore
857,Dalenna Tritten,Delhi
858,Tani Mayberry,Delhi
859,Dennet Jones,Bangalore
860,Emelda August,Pune
861,Hubie Maffezzoli,Mysore
862,Barry Lempenny,Mysore
863,Had Eastlake,Pune
864,Teodorico Dahmel,Mysore
865,Vale Artrick,Mysore
866,Betti Saxon,Mysore
867,Kayne McTavy,Delhi
868,Margy Bason,Bangalore
869,Clement Askaw,Pune
870,Rahal Linskill,Pune
871,Araldo Sked,Delhi
872,Kristy Lowndes,Chennai
873,Gavra Parysiak,Bangalore
874,Myca Campey,Mumbai
875,Parsifal McMurdo,Chennai
876,April Lindbergh,Pune
877,Terrill MacCart,Delhi
878,Padraig Spiers,Delhi
879,Dayle Goseling,Mumbai
880,Garald Oki,Bangalore
881,Vikki Compford,Mumbai
882,Montgomery Kempstone,Chennai
883,Anthiathia Gallear,Mysore
884,Heall Harbisher,Mysore
885,Tanney Fulham,Mumbai
886,Curcio Rowbottom,Chennai
887,Neil Orgen,Chennai
888,Rollins Tym,Mumbai
889,Tommie Illing,Mumbai
890,Ginelle Arno,Delhi
891,Noe Hanham,Mumbai
892,Gideon Roncelli,Pune
893,Terza Gilston,Delhi
894,Bruno Goodings,Chennai
895,Fabe Renahan,Delhi
896,Edwina Fallens,Mysore
897,Lise Attyeo,Mysore
898,Michael Cicero,Delhi
899,Carolee Reyes,Bangalore
900,Worthy Casin,Bangalore
901,Karola Abrahm,Bangalore
902,Berna McGreary,Chennai
903,Luise Confort,Mumbai
904,Perren Rupel,Pune
905,Walther Bendixen,Pune
906,Egbert Toderi,Mysore
907,Idelle Hintzer,Mumbai
908,Julianne Branca,Mysore
909,Trescha Franzman,Bangalore
910,Mersey Mees,Chennai
911,Correy Dawdary,Pune
912,Charla Pearman,Mysore
913,Kit Mc Harg,Delhi
914,Madeline Wheldon,Chennai
915,Chance Carr,Pune
916,Barbabra McElory,Bangalore
917,Delores McAllen,Delhi
918,Madlen Pessler,Chennai
919,Skippy Seadon,Delhi
920,Fritz Levington,Mumbai
921,Maryjane Comini,Pune
922,Seward Blakden,Mumbai
923,Iormina Iggo,Mumbai
924,Abdul Sturzaker,Delhi
925,Meridel Brosh,Delhi
926,Camile Deener,Mumbai
927,Ardith Bouzan,Pune
928,Greggory Laydel,Delhi
929,Neel Biggans,Mumbai
930,Antonella Stonehewer,Chennai
931,Sherline Fidge,Delhi
932,Ranice Fulloway,Chennai
933,Lisha Puxley,Pune
934,Kathe Ivanusyev,Bangalore
935,Mag Gossage,Chennai
936,Gus Gethings,Bangalore
937,Hodge Gatrill,Delhi
938,Hansiain Heifer,Pune
939,Brice Ashbridge,Mysore
940,Adda Von Der Empten,Mumbai
941,Maxwell Belfield,Pune
942,Lindsey Acomb,Mumbai
943,Pauly Shewsmith,Delhi
944,Yoko McQuirk,Chennai
945,Ilyssa McSharry,Bangalore
946,Dotty Furlong,Mumbai
947,Melodie De Roeck,Chennai
948,Emlyn MacDunlevy,Pune
949,Lemmy Kowal,Delhi
950,Honor Walsom,Bangalore
951,Feliks Trickey,Chennai
952,Denice Lafond,Bangalore
953,Clemmie Auchinleck,Bangalore
954,Wiatt Speedy,Mumbai
955,Larisa Rossey,Delhi
956,Chane Charnock,Chennai
957,Jessa Castledine,Chennai
958,Thomas Vearncombe,Bangalore
959,Walton Bennedick,Bangalore
960,Mada O'Lyhane,Mysore
961,Simona Blasdale,Chennai
962,Salem Lamberti,Bangalore
963,Hillel Cockburn,Mysore
964,Noel Itzcak,Chennai
965,Lina Kneesha,Mumbai
966,Raye Jakoubek,Chennai
967,Arlene Temby,Mumbai
968,Melany Cutford,Pune
969,Dagmar Humby,Pune
970,Matthew MacInnes,Mysore
971,Ellswerth Westhofer,Delhi
972,Wilton Burgess,Delhi
973,Lynda Beckinsall,Pune
974,Fawn McCarlich,Mysore
975,Garvin Matuschek,Mumbai
976,Shamus Bend,Bangalore
977,Lauren Iron,Mumbai
978,Xerxes Mayou,Delhi
979,Franzen Franckton,Chennai
980,Wilek D'Ambrosi,Delhi
981,Zorah Clapton,Bangalore
982,Candace Crayton,Mysore
983,Kristal Gully,Delhi
984,Cesaro Portlock,Bangalore
985,Christan Allon,Mumbai
986,Byran Johnsson,Chennai
987,Dickie Trevain,Bangalore
988,Rem Gillott,Chennai
989,Danice Abernethy,Chennai
990,Kellen Coultar,Delhi
991,Laurene Rowson,Mysore
992,Ericha Snyder,Bangalore
993,Melli MacKettrick,Mysore
994,Teena Iacomelli,Mysore
995,Gifford Rackstraw,Delhi
996,Eddi Leheude,Mumbai
997,Gianna Assante,Pune
998,Morlee Lodford,Mumbai
999,Waldo Jenkyn,Delhi
1000,Traci Trowsdall,Delhi
1001,Phaniraj,Bangalore
1002,Banu,Prakash
1244,Gopal,Pune
